id,dice,iou
BraTS20_Training_041_axial_025,0.000320,0.000168
BraTS20_Training_041_axial_026,0.001662,0.000839
BraTS20_Training_041_axial_027,0.005615,0.002823
BraTS20_Training_041_axial_028,0.009219,0.004639
BraTS20_Training_041_axial_029,0.012148,0.006119
BraTS20_Training_041_axial_030,0.014858,0.007492
BraTS20_Training_041_axial_031,0.017590,0.008880
BraTS20_Training_041_axial_032,0.020584,0.010406
BraTS20_Training_041_axial_033,0.023598,0.011947
BraTS20_Training_041_axial_034,0.026425,0.013397
BraTS20_Training_041_axial_035,0.030251,0.015365
BraTS20_Training_041_axial_036,0.033443,0.017013
BraTS20_Training_041_axial_037,0.036801,0.018753
BraTS20_Training_041_axial_038,0.040206,0.020523
BraTS20_Training_041_axial_039,0.043949,0.022476
BraTS20_Training_041_axial_040,0.050002,0.025650
BraTS20_Training_041_axial_041,0.056652,0.029159
BraTS20_Training_041_axial_042,0.061853,0.031921
BraTS20_Training_041_axial_043,0.068052,0.035232
BraTS20_Training_041_axial_044,0.072172,0.037444
BraTS20_Training_041_axial_045,0.076896,0.039993
BraTS20_Training_041_axial_046,0.079742,0.041534
BraTS20_Training_041_axial_047,0.082467,0.043014
BraTS20_Training_041_axial_048,0.084456,0.044097
BraTS20_Training_041_axial_049,0.085128,0.044463
BraTS20_Training_041_axial_050,0.085603,0.044723
BraTS20_Training_041_axial_051,0.085296,0.044555
BraTS20_Training_041_axial_052,0.085799,0.044830
BraTS20_Training_041_axial_053,0.084848,0.044311
BraTS20_Training_041_axial_054,0.082495,0.043029
BraTS20_Training_041_axial_055,0.079882,0.041610
BraTS20_Training_041_axial_056,0.076670,0.039871
BraTS20_Training_041_axial_057,0.074664,0.038787
BraTS20_Training_041_axial_058,0.073872,0.038360
BraTS20_Training_041_axial_059,0.072541,0.037643
BraTS20_Training_041_axial_060,0.070952,0.036788
BraTS20_Training_041_axial_061,0.068878,0.035675
BraTS20_Training_041_axial_062,0.066513,0.034408
BraTS20_Training_041_axial_063,0.063829,0.032974
BraTS20_Training_041_axial_064,0.061337,0.031646
BraTS20_Training_041_axial_065,0.059759,0.030807
BraTS20_Training_041_axial_066,0.055845,0.028732
BraTS20_Training_041_axial_067,0.047097,0.024124
BraTS20_Training_041_axial_068,0.041084,0.020981
BraTS20_Training_041_axial_069,0.037536,0.019134
BraTS20_Training_041_axial_070,0.035830,0.018249
BraTS20_Training_041_axial_071,0.034475,0.017547
BraTS20_Training_041_axial_072,0.034829,0.017730
BraTS20_Training_041_axial_073,0.038299,0.019531
BraTS20_Training_041_axial_074,0.042401,0.021667
BraTS20_Training_041_axial_075,0.045000,0.023025
BraTS20_Training_041_axial_076,0.045699,0.023391
BraTS20_Training_041_axial_077,0.044825,0.022934
BraTS20_Training_041_axial_078,0.043132,0.022049
BraTS20_Training_041_axial_079,0.040645,0.020752
BraTS20_Training_041_axial_080,0.038035,0.019394
BraTS20_Training_041_axial_081,0.036301,0.018493
BraTS20_Training_041_axial_082,0.035064,0.017853
BraTS20_Training_041_axial_083,0.035094,0.017868
BraTS20_Training_041_axial_084,0.035329,0.017990
BraTS20_Training_041_axial_085,0.034298,0.017456
BraTS20_Training_041_axial_086,0.033148,0.016861
BraTS20_Training_041_axial_087,0.032823,0.016693
BraTS20_Training_041_axial_088,0.032321,0.016433
BraTS20_Training_041_axial_089,0.030429,0.015457
BraTS20_Training_041_axial_090,0.028296,0.014358
BraTS20_Training_041_axial_091,0.025712,0.013031
BraTS20_Training_041_axial_092,0.023002,0.011642
BraTS20_Training_041_axial_093,0.021121,0.010681
BraTS20_Training_041_axial_094,0.020972,0.010605
BraTS20_Training_041_axial_095,0.019985,0.010101
BraTS20_Training_041_axial_096,0.019297,0.009750
BraTS20_Training_041_axial_097,0.017560,0.008865
BraTS20_Training_041_axial_098,0.016450,0.008301
BraTS20_Training_041_axial_099,0.015158,0.007645
BraTS20_Training_041_axial_100,0.013172,0.006637
BraTS20_Training_041_axial_101,0.011605,0.005844
BraTS20_Training_041_axial_102,0.009491,0.004776
BraTS20_Training_041_axial_103,0.007827,0.003937
BraTS20_Training_041_axial_104,0.005948,0.002991
BraTS20_Training_041_axial_105,0.003062,0.001541
BraTS20_Training_041_axial_106,0.001205,0.000610
BraTS20_Training_041_axial_107,0.000259,0.000137
BraTS20_Training_064_axial_023,0.000198,0.000107
BraTS20_Training_064_axial_024,0.000625,0.000320
BraTS20_Training_064_axial_025,0.000625,0.000320
BraTS20_Training_064_axial_026,0.000747,0.000381
BraTS20_Training_064_axial_027,0.001327,0.000671
BraTS20_Training_064_axial_028,0.002484,0.001251
BraTS20_Training_064_axial_029,0.006009,0.003021
BraTS20_Training_064_axial_030,0.010096,0.005081
BraTS20_Training_064_axial_031,0.015008,0.007568
BraTS20_Training_064_axial_032,0.021599,0.010925
BraTS20_Training_064_axial_033,0.026158,0.013260
BraTS20_Training_064_axial_034,0.029244,0.014847
BraTS20_Training_064_axial_035,0.032616,0.016586
BraTS20_Training_064_axial_036,0.036065,0.018371
BraTS20_Training_064_axial_037,0.038651,0.019714
BraTS20_Training_064_axial_038,0.041904,0.021408
BraTS20_Training_064_axial_039,0.045349,0.023208
BraTS20_Training_064_axial_040,0.049712,0.025497
BraTS20_Training_064_axial_041,0.052754,0.027099
BraTS20_Training_064_axial_042,0.054922,0.028244
BraTS20_Training_064_axial_043,0.054257,0.027893
BraTS20_Training_064_axial_044,0.056018,0.028823
BraTS20_Training_064_axial_045,0.058753,0.030273
BraTS20_Training_064_axial_046,0.059500,0.030670
BraTS20_Training_064_axial_047,0.062455,0.032241
BraTS20_Training_064_axial_048,0.066028,0.034149
BraTS20_Training_064_axial_049,0.067796,0.035095
BraTS20_Training_064_axial_050,0.068394,0.035415
BraTS20_Training_064_axial_051,0.072314,0.037521
BraTS20_Training_064_axial_052,0.074127,0.038497
BraTS20_Training_064_axial_053,0.075173,0.039062
BraTS20_Training_064_axial_054,0.078165,0.040679
BraTS20_Training_064_axial_055,0.081288,0.042373
BraTS20_Training_064_axial_056,0.085408,0.044616
BraTS20_Training_064_axial_057,0.089649,0.046935
BraTS20_Training_064_axial_058,0.090790,0.047561
BraTS20_Training_064_axial_059,0.092679,0.048599
BraTS20_Training_064_axial_060,0.095174,0.049972
BraTS20_Training_064_axial_061,0.094620,0.049667
BraTS20_Training_064_axial_062,0.093595,0.049102
BraTS20_Training_064_axial_063,0.092346,0.048415
BraTS20_Training_064_axial_064,0.091235,0.047805
BraTS20_Training_064_axial_065,0.087921,0.045989
BraTS20_Training_064_axial_066,0.085519,0.044677
BraTS20_Training_064_axial_067,0.080417,0.041900
BraTS20_Training_064_axial_068,0.077122,0.040115
BraTS20_Training_064_axial_069,0.075371,0.039169
BraTS20_Training_064_axial_070,0.068906,0.035690
BraTS20_Training_064_axial_071,0.065629,0.033935
BraTS20_Training_064_axial_072,0.060964,0.031448
BraTS20_Training_064_axial_073,0.058178,0.029968
BraTS20_Training_064_axial_074,0.057689,0.029708
BraTS20_Training_064_axial_075,0.054402,0.027969
BraTS20_Training_064_axial_076,0.050698,0.026016
BraTS20_Training_064_axial_077,0.040879,0.020874
BraTS20_Training_064_axial_078,0.029866,0.015167
BraTS20_Training_064_axial_079,0.020942,0.010589
BraTS20_Training_064_axial_080,0.011786,0.005936
BraTS20_Training_064_axial_081,0.007797,0.003921
BraTS20_Training_064_axial_082,0.005068,0.002548
BraTS20_Training_064_axial_083,0.002910,0.001465
BraTS20_Training_064_axial_084,0.003306,0.001663
BraTS20_Training_064_axial_085,0.003001,0.001511
BraTS20_Training_064_axial_086,0.004127,0.002075
BraTS20_Training_064_axial_087,0.004218,0.002121
BraTS20_Training_064_axial_088,0.004795,0.002411
BraTS20_Training_064_axial_089,0.004552,0.002289
BraTS20_Training_064_axial_090,0.004400,0.002212
BraTS20_Training_064_axial_091,0.004734,0.002380
BraTS20_Training_064_axial_092,0.003762,0.001892
BraTS20_Training_064_axial_093,0.002971,0.001495
BraTS20_Training_064_axial_094,0.001966,0.000992
BraTS20_Training_064_axial_095,0.001296,0.000656
BraTS20_Training_064_axial_096,0.001052,0.000534
BraTS20_Training_064_axial_097,0.001570,0.000793
BraTS20_Training_064_axial_098,0.001022,0.000519
BraTS20_Training_064_axial_099,0.000656,0.000336
BraTS20_Training_064_axial_100,0.001083,0.000549
BraTS20_Training_064_axial_101,0.000656,0.000336
BraTS20_Training_064_axial_102,0.000412,0.000214
BraTS20_Training_064_axial_103,0.001235,0.000626
BraTS20_Training_064_axial_104,0.006100,0.003067
BraTS20_Training_064_axial_105,0.006676,0.003357
BraTS20_Training_064_axial_106,0.005675,0.002853
BraTS20_Training_064_axial_107,0.005341,0.002686
BraTS20_Training_151_axial_053,0.000656,0.000336
BraTS20_Training_151_axial_054,0.002880,0.001450
BraTS20_Training_151_axial_055,0.005948,0.002991
BraTS20_Training_151_axial_056,0.009733,0.004898
BraTS20_Training_151_axial_057,0.013504,0.006805
BraTS20_Training_151_axial_058,0.018399,0.009292
BraTS20_Training_151_axial_059,0.023509,0.011902
BraTS20_Training_151_axial_060,0.028414,0.014419
BraTS20_Training_151_axial_061,0.032085,0.016311
BraTS20_Training_151_axial_062,0.035889,0.018280
BraTS20_Training_151_axial_063,0.039620,0.020218
BraTS20_Training_151_axial_064,0.047271,0.024215
BraTS20_Training_151_axial_065,0.051046,0.026199
BraTS20_Training_151_axial_066,0.057602,0.029663
BraTS20_Training_151_axial_067,0.062483,0.032257
BraTS20_Training_151_axial_068,0.067796,0.035095
BraTS20_Training_151_axial_069,0.071946,0.037322
BraTS20_Training_151_axial_070,0.075512,0.039245
BraTS20_Training_151_axial_071,0.078925,0.041091
BraTS20_Training_151_axial_072,0.081119,0.042281
BraTS20_Training_151_axial_073,0.083952,0.043823
BraTS20_Training_151_axial_074,0.087447,0.045730
BraTS20_Training_151_axial_075,0.090512,0.047408
BraTS20_Training_151_axial_076,0.092984,0.048766
BraTS20_Training_151_axial_077,0.094758,0.049743
BraTS20_Training_151_axial_078,0.096584,0.050750
BraTS20_Training_151_axial_079,0.097772,0.051406
BraTS20_Training_151_axial_080,0.100942,0.053161
BraTS20_Training_151_axial_081,0.102591,0.054076
BraTS20_Training_151_axial_082,0.104868,0.055343
BraTS20_Training_151_axial_083,0.107194,0.056640
BraTS20_Training_151_axial_084,0.110305,0.058379
BraTS20_Training_151_axial_085,0.114681,0.060836
BraTS20_Training_151_axial_086,0.117470,0.062407
BraTS20_Training_151_axial_087,0.118389,0.062926
BraTS20_Training_151_axial_088,0.118362,0.062911
BraTS20_Training_151_axial_089,0.117173,0.062240
BraTS20_Training_151_axial_090,0.117065,0.062179
BraTS20_Training_151_axial_091,0.116903,0.062087
BraTS20_Training_151_axial_092,0.115603,0.061355
BraTS20_Training_151_axial_093,0.114275,0.060607
BraTS20_Training_151_axial_094,0.113569,0.060210
BraTS20_Training_151_axial_095,0.112183,0.059432
BraTS20_Training_151_axial_096,0.107030,0.056548
BraTS20_Training_151_axial_097,0.103717,0.054702
BraTS20_Training_151_axial_098,0.099813,0.052535
BraTS20_Training_151_axial_099,0.095561,0.050185
BraTS20_Training_151_axial_100,0.091763,0.048095
BraTS20_Training_151_axial_101,0.085324,0.044570
BraTS20_Training_151_axial_102,0.081709,0.042602
BraTS20_Training_151_axial_103,0.081288,0.042373
BraTS20_Training_151_axial_104,0.079685,0.041503
BraTS20_Training_151_axial_105,0.077658,0.040405
BraTS20_Training_151_axial_106,0.073617,0.038223
BraTS20_Training_151_axial_107,0.069646,0.036086
BraTS20_Training_151_axial_108,0.065457,0.033843
BraTS20_Training_151_axial_109,0.061423,0.031692
BraTS20_Training_151_axial_110,0.056421,0.029037
BraTS20_Training_151_axial_111,0.051828,0.026611
BraTS20_Training_151_axial_112,0.046427,0.023773
BraTS20_Training_151_axial_113,0.041845,0.021377
BraTS20_Training_151_axial_114,0.038123,0.019439
BraTS20_Training_151_axial_115,0.034770,0.017700
BraTS20_Training_151_axial_116,0.031405,0.015960
BraTS20_Training_151_axial_117,0.027494,0.013946
BraTS20_Training_151_axial_118,0.024402,0.012359
BraTS20_Training_151_axial_119,0.021719,0.010986
BraTS20_Training_151_axial_120,0.019267,0.009735
BraTS20_Training_151_axial_121,0.018249,0.009216
BraTS20_Training_151_axial_122,0.017230,0.008697
BraTS20_Training_151_axial_123,0.016420,0.008285
BraTS20_Training_151_axial_124,0.016120,0.008133
BraTS20_Training_151_axial_125,0.015128,0.007629
BraTS20_Training_151_axial_126,0.013985,0.007049
BraTS20_Training_151_axial_127,0.012811,0.006454
BraTS20_Training_151_axial_128,0.011243,0.005661
BraTS20_Training_151_axial_129,0.008614,0.004333
BraTS20_Training_151_axial_130,0.005008,0.002518
BraTS20_Training_151_axial_131,0.003975,0.001999
BraTS20_Training_151_axial_132,0.002667,0.001343
BraTS20_Training_151_axial_133,0.001296,0.000656
BraTS20_Training_151_axial_134,0.000076,0.000046
BraTS20_Training_186_axial_037,0.000930,0.000473
BraTS20_Training_186_axial_038,0.004491,0.002258
BraTS20_Training_186_axial_039,0.007010,0.003525
BraTS20_Training_186_axial_040,0.011665,0.005875
BraTS20_Training_186_axial_041,0.015849,0.007995
BraTS20_Training_186_axial_042,0.018908,0.009552
BraTS20_Training_186_axial_043,0.024194,0.012253
BraTS20_Training_186_axial_044,0.030133,0.015304
BraTS20_Training_186_axial_045,0.035565,0.018112
BraTS20_Training_186_axial_046,0.041143,0.021011
BraTS20_Training_186_axial_047,0.046369,0.023742
BraTS20_Training_186_axial_048,0.053333,0.027404
BraTS20_Training_186_axial_049,0.058207,0.029983
BraTS20_Training_186_axial_050,0.061595,0.031784
BraTS20_Training_186_axial_051,0.063886,0.033004
BraTS20_Training_186_axial_052,0.067312,0.034835
BraTS20_Training_186_axial_053,0.071094,0.036865
BraTS20_Training_186_axial_054,0.075795,0.039398
BraTS20_Training_186_axial_055,0.082943,0.043273
BraTS20_Training_186_axial_056,0.087670,0.045852
BraTS20_Training_186_axial_057,0.091735,0.048080
BraTS20_Training_186_axial_058,0.095257,0.050018
BraTS20_Training_186_axial_059,0.099345,0.052276
BraTS20_Training_186_axial_060,0.102344,0.053939
BraTS20_Training_186_axial_061,0.104128,0.054931
BraTS20_Training_186_axial_062,0.102289,0.053908
BraTS20_Training_186_axial_063,0.100226,0.052764
BraTS20_Training_186_axial_064,0.096944,0.050948
BraTS20_Training_186_axial_065,0.094509,0.049606
BraTS20_Training_186_axial_066,0.093456,0.049026
BraTS20_Training_186_axial_067,0.091402,0.047897
BraTS20_Training_186_axial_068,0.091763,0.048095
BraTS20_Training_186_axial_069,0.093733,0.049178
BraTS20_Training_186_axial_070,0.094786,0.049758
BraTS20_Training_186_axial_071,0.096971,0.050964
BraTS20_Training_186_axial_072,0.099400,0.052306
BraTS20_Training_186_axial_073,0.102729,0.054153
BraTS20_Training_186_axial_074,0.104731,0.055266
BraTS20_Training_186_axial_075,0.106183,0.056075
BraTS20_Training_186_axial_076,0.107659,0.056899
BraTS20_Training_186_axial_077,0.107905,0.057036
BraTS20_Training_186_axial_078,0.107686,0.056914
BraTS20_Training_186_axial_079,0.105498,0.055694
BraTS20_Training_186_axial_080,0.101492,0.053466
BraTS20_Training_186_axial_081,0.096280,0.050582
BraTS20_Training_186_axial_082,0.091846,0.048141
BraTS20_Training_186_axial_083,0.086274,0.045089
BraTS20_Training_186_axial_084,0.078278,0.040740
BraTS20_Training_186_axial_085,0.070725,0.036666
BraTS20_Training_186_axial_086,0.063628,0.032867
BraTS20_Training_186_axial_087,0.060333,0.031112
BraTS20_Training_186_axial_088,0.056969,0.029327
BraTS20_Training_186_axial_089,0.054893,0.028228
BraTS20_Training_186_axial_090,0.052320,0.026870
BraTS20_Training_186_axial_091,0.049073,0.025161
BraTS20_Training_186_axial_092,0.045495,0.023285
BraTS20_Training_186_axial_093,0.041845,0.021377
BraTS20_Training_186_axial_094,0.038299,0.019531
BraTS20_Training_186_axial_095,0.032291,0.016418
BraTS20_Training_186_axial_096,0.028355,0.014389
BraTS20_Training_186_axial_097,0.025266,0.012802
BraTS20_Training_186_axial_098,0.024194,0.012253
BraTS20_Training_186_axial_099,0.022256,0.011261
BraTS20_Training_186_axial_100,0.020015,0.010116
BraTS20_Training_186_axial_101,0.017320,0.008743
BraTS20_Training_186_axial_102,0.013022,0.006561
BraTS20_Training_186_axial_103,0.005524,0.002777
BraTS20_Training_186_axial_104,0.000869,0.000442
BraTS20_Training_194_axial_038,0.000656,0.000336
BraTS20_Training_194_axial_039,0.002058,0.001038
BraTS20_Training_194_axial_040,0.004825,0.002426
BraTS20_Training_194_axial_041,0.008917,0.004486
BraTS20_Training_194_axial_042,0.015188,0.007660
BraTS20_Training_194_axial_043,0.023538,0.011917
BraTS20_Training_194_axial_044,0.030695,0.015594
BraTS20_Training_194_axial_045,0.039356,0.020080
BraTS20_Training_194_axial_046,0.045320,0.023193
BraTS20_Training_194_axial_047,0.049248,0.025253
BraTS20_Training_194_axial_048,0.053073,0.027267
BraTS20_Training_194_axial_049,0.056940,0.029312
BraTS20_Training_194_axial_050,0.061280,0.031616
BraTS20_Training_194_axial_051,0.065115,0.033660
BraTS20_Training_194_axial_052,0.067511,0.034942
BraTS20_Training_194_axial_053,0.069731,0.036132
BraTS20_Training_194_axial_054,0.071747,0.037216
BraTS20_Training_194_axial_055,0.074042,0.038452
BraTS20_Training_194_axial_056,0.077517,0.040328
BraTS20_Training_194_axial_057,0.081007,0.042220
BraTS20_Training_194_axial_058,0.084260,0.043990
BraTS20_Training_194_axial_059,0.087252,0.045623
BraTS20_Training_194_axial_060,0.089259,0.046722
BraTS20_Training_194_axial_061,0.091096,0.047729
BraTS20_Training_194_axial_062,0.092984,0.048766
BraTS20_Training_194_axial_063,0.093400,0.048995
BraTS20_Training_194_axial_064,0.093151,0.048858
BraTS20_Training_194_axial_065,0.093012,0.048782
BraTS20_Training_194_axial_066,0.092429,0.048461
BraTS20_Training_194_axial_067,0.091402,0.047897
BraTS20_Training_194_axial_068,0.090790,0.047561
BraTS20_Training_194_axial_069,0.090512,0.047408
BraTS20_Training_194_axial_070,0.088841,0.046493
BraTS20_Training_194_axial_071,0.087419,0.045715
BraTS20_Training_194_axial_072,0.086330,0.045120
BraTS20_Training_194_axial_073,0.084148,0.043929
BraTS20_Training_194_axial_074,0.082074,0.042800
BraTS20_Training_194_axial_075,0.079460,0.041381
BraTS20_Training_194_axial_076,0.077347,0.040237
BraTS20_Training_194_axial_077,0.074155,0.038513
BraTS20_Training_194_axial_078,0.072286,0.037506
BraTS20_Training_194_axial_079,0.068963,0.035720
BraTS20_Training_194_axial_080,0.065886,0.034072
BraTS20_Training_194_axial_081,0.063170,0.032623
BraTS20_Training_194_axial_082,0.060677,0.031295
BraTS20_Training_194_axial_083,0.057142,0.029418
BraTS20_Training_194_axial_084,0.053101,0.027282
BraTS20_Training_194_axial_085,0.047940,0.024566
BraTS20_Training_194_axial_086,0.042343,0.021637
BraTS20_Training_194_axial_087,0.037653,0.019195
BraTS20_Training_194_axial_088,0.031937,0.016235
BraTS20_Training_194_axial_089,0.027138,0.013763
BraTS20_Training_194_axial_090,0.021779,0.011017
BraTS20_Training_194_axial_091,0.015999,0.008072
BraTS20_Training_194_axial_092,0.010337,0.005203
BraTS20_Training_194_axial_093,0.005888,0.002960
BraTS20_Training_194_axial_094,0.003397,0.001709
BraTS20_Training_194_axial_095,0.001784,0.000900
BraTS20_Training_194_axial_096,0.000168,0.000092
BraTS20_Training_194_axial_097,0.000076,0.000046
BraTS20_Training_283_axial_080,0.000564,0.000290
BraTS20_Training_283_axial_081,0.002362,0.001190
BraTS20_Training_283_axial_082,0.004916,0.002472
BraTS20_Training_283_axial_083,0.008887,0.004471
BraTS20_Training_283_axial_084,0.011816,0.005951
BraTS20_Training_283_axial_085,0.014406,0.007263
BraTS20_Training_283_axial_086,0.016810,0.008484
BraTS20_Training_283_axial_087,0.017949,0.009064
BraTS20_Training_283_axial_088,0.018309,0.009247
BraTS20_Training_283_axial_089,0.018998,0.009598
BraTS20_Training_283_axial_090,0.019028,0.009613
BraTS20_Training_283_axial_091,0.019926,0.010071
BraTS20_Training_283_axial_092,0.021390,0.010818
BraTS20_Training_283_axial_093,0.022286,0.011276
BraTS20_Training_283_axial_094,0.023061,0.011673
BraTS20_Training_283_axial_095,0.023956,0.012131
BraTS20_Training_283_axial_096,0.025593,0.012970
BraTS20_Training_283_axial_097,0.027049,0.013717
BraTS20_Training_283_axial_098,0.029837,0.015152
BraTS20_Training_283_axial_099,0.031878,0.016205
BraTS20_Training_283_axial_100,0.033944,0.017273
BraTS20_Training_283_axial_101,0.035447,0.018051
BraTS20_Training_283_axial_102,0.036918,0.018814
BraTS20_Training_283_axial_103,0.038769,0.019775
BraTS20_Training_283_axial_104,0.040118,0.020477
BraTS20_Training_283_axial_105,0.040674,0.020767
BraTS20_Training_283_axial_106,0.041289,0.021087
BraTS20_Training_283_axial_107,0.042343,0.021637
BraTS20_Training_283_axial_108,0.043190,0.022079
BraTS20_Training_283_axial_109,0.043190,0.022079
BraTS20_Training_283_axial_110,0.044358,0.022689
BraTS20_Training_283_axial_111,0.046194,0.023651
BraTS20_Training_283_axial_112,0.047940,0.024566
BraTS20_Training_283_axial_113,0.050437,0.025879
BraTS20_Training_283_axial_114,0.049364,0.025314
BraTS20_Training_283_axial_115,0.047969,0.024582
BraTS20_Training_283_axial_116,0.046689,0.023910
BraTS20_Training_283_axial_117,0.045991,0.023544
BraTS20_Training_283_axial_118,0.044591,0.022812
BraTS20_Training_283_axial_119,0.041875,0.021392
BraTS20_Training_283_axial_120,0.040762,0.020813
BraTS20_Training_283_axial_121,0.039649,0.020233
BraTS20_Training_283_axial_122,0.038358,0.019561
BraTS20_Training_283_axial_123,0.037065,0.018890
BraTS20_Training_283_axial_124,0.034799,0.017715
BraTS20_Training_283_axial_125,0.032321,0.016433
BraTS20_Training_283_axial_126,0.029037,0.014740
BraTS20_Training_283_axial_127,0.026039,0.013199
BraTS20_Training_283_axial_128,0.022465,0.011368
BraTS20_Training_283_axial_129,0.018129,0.009155
BraTS20_Training_283_axial_130,0.018579,0.009384
BraTS20_Training_283_axial_131,0.016390,0.008270
BraTS20_Training_283_axial_132,0.010066,0.005066
BraTS20_Training_283_axial_133,0.006403,0.003220
BraTS20_Training_283_axial_134,0.004522,0.002274
BraTS20_Training_283_axial_135,0.001784,0.000900
BraTS20_Training_283_axial_136,0.001022,0.000519
BraTS20_Training_296_axial_032,0.000503,0.000259
BraTS20_Training_296_axial_033,0.001388,0.000702
BraTS20_Training_296_axial_034,0.002423,0.001221
BraTS20_Training_296_axial_035,0.007706,0.003876
BraTS20_Training_296_axial_036,0.018279,0.009231
BraTS20_Training_296_axial_037,0.022316,0.011291
BraTS20_Training_296_axial_038,0.029866,0.015167
BraTS20_Training_296_axial_039,0.037154,0.018936
BraTS20_Training_296_axial_040,0.052610,0.027023
BraTS20_Training_296_axial_041,0.063972,0.033050
BraTS20_Training_296_axial_042,0.075908,0.039459
BraTS20_Training_296_axial_043,0.082859,0.043227
BraTS20_Training_296_axial_044,0.087084,0.045532
BraTS20_Training_296_axial_045,0.090873,0.047607
BraTS20_Training_296_axial_046,0.096529,0.050719
BraTS20_Training_296_axial_047,0.103662,0.054671
BraTS20_Training_296_axial_048,0.109842,0.058120
BraTS20_Training_296_axial_049,0.114519,0.060744
BraTS20_Training_296_axial_050,0.117038,0.062163
BraTS20_Training_296_axial_051,0.120952,0.064376
BraTS20_Training_296_axial_052,0.123857,0.066024
BraTS20_Training_296_axial_053,0.126860,0.067733
BraTS20_Training_296_axial_054,0.128090,0.068435
BraTS20_Training_296_axial_055,0.128331,0.068572
BraTS20_Training_296_axial_056,0.128090,0.068435
BraTS20_Training_296_axial_057,0.127636,0.068175
BraTS20_Training_296_axial_058,0.127662,0.068190
BraTS20_Training_296_axial_059,0.128251,0.068526
BraTS20_Training_296_axial_060,0.128838,0.068862
BraTS20_Training_296_axial_061,0.128892,0.068892
BraTS20_Training_296_axial_062,0.129639,0.069320
BraTS20_Training_296_axial_063,0.128892,0.068892
BraTS20_Training_296_axial_064,0.128090,0.068435
BraTS20_Training_296_axial_065,0.127395,0.068038
BraTS20_Training_296_axial_066,0.126217,0.067367
BraTS20_Training_296_axial_067,0.125359,0.066878
BraTS20_Training_296_axial_068,0.124635,0.066466
BraTS20_Training_296_axial_069,0.123293,0.065703
BraTS20_Training_296_axial_070,0.120467,0.064101
BraTS20_Training_296_axial_071,0.117281,0.062301
BraTS20_Training_296_axial_072,0.114763,0.060882
BraTS20_Training_296_axial_073,0.112808,0.059783
BraTS20_Training_296_axial_074,0.110823,0.058669
BraTS20_Training_296_axial_075,0.108342,0.057281
BraTS20_Training_296_axial_076,0.106073,0.056014
BraTS20_Training_296_axial_077,0.102866,0.054229
BraTS20_Training_296_axial_078,0.099923,0.052596
BraTS20_Training_296_axial_079,0.095478,0.050140
BraTS20_Training_296_axial_080,0.089760,0.046996
BraTS20_Training_296_axial_081,0.083924,0.043807
BraTS20_Training_296_axial_082,0.075710,0.039352
BraTS20_Training_296_axial_083,0.069987,0.036270
BraTS20_Training_296_axial_084,0.063829,0.032974
BraTS20_Training_296_axial_085,0.058322,0.030044
BraTS20_Training_296_axial_086,0.052957,0.027206
BraTS20_Training_296_axial_087,0.047388,0.024276
BraTS20_Training_296_axial_088,0.042138,0.021530
BraTS20_Training_296_axial_089,0.037330,0.019027
BraTS20_Training_296_axial_090,0.029925,0.015198
BraTS20_Training_296_axial_091,0.021749,0.011001
BraTS20_Training_296_axial_092,0.015519,0.007828
BraTS20_Training_296_axial_093,0.010941,0.005508
BraTS20_Training_296_axial_094,0.006616,0.003326
BraTS20_Training_296_axial_095,0.003214,0.001617
BraTS20_Training_296_axial_096,0.000534,0.000275
